"Path","Platform","Compiled","Cooked","Permutations","Compiletime","CompiledDouble","CookedDouble"
"Globals","0","3436","0","1","0.000000","0","0"
"/Engine/EngineMaterials/Widget3DPassThrough.Widget3DPassThrough","0","45","50","6","30.691637","0","55"
"/SpeedTreeImporter/SpeedTree9/SpeedTreeMaster.SpeedTreeMaster","0","28","32","1","0.000000","0","32"
"/SpeedTreeImporter/SpeedTree9/SpeedTreeBillboardMaster.SpeedTreeBillboardMaster","0","28","32","1","0.000000","0","32"
"/Engine/EditorLandscapeResources/LandscapeLayerUsageMaterial.LandscapeLayerUsageMaterial","0","2","2","1","2.199912","0","2"
"/InterchangeAssets/gltf/M_ClearCoat.M_ClearCoat","0","118","136","6","0.000000","0","136"
"/InterchangeAssets/gltf/M_Transmission.M_Transmission","0","36","36","2","0.000000","0","36"
"/InterchangeAssets/gltf/M_Sheen.M_Sheen","0","110","120","6","0.000000","0","120"
"/InterchangeAssets/gltf/M_Default.M_Default","0","118","136","6","0.000000","0","136"
"/Engine/EditorLandscapeResources/ColorMaskBrushMaterial.ColorMaskBrushMaterial","0","5","5","1","5.151166","0","5"
"/Paper2D/DefaultSpriteMaterial.DefaultSpriteMaterial","0","36","42","2","0.000000","0","42"
"/Engine/EngineMaterials/DefaultDeferredDecalMaterial.DefaultDeferredDecalMaterial","0","75","75","1","33.163292","0","75"
"/Engine/EngineMaterials/DefaultPostProcessMaterial.DefaultPostProcessMaterial","0","31","31","1","18.090019","0","31"
"/Engine/EditorLandscapeResources/MaskBrushMaterial.MaskBrushMaterial","0","5","5","1","4.079587","0","5"
"/Engine/VREditor/TransformGizmo/TransformGizmoMaterial.TransformGizmoMaterial","0","2","2","1","2.146741","0","2"
"/Engine/EditorLandscapeResources/LandscapeDirtyMaterial.LandscapeDirtyMaterial","0","5","5","1","2.289478","0","5"
"/Game/ai_dying/Texture.Texture","0","28","32","1","55.049202","0","32"
"/ControlRig/M_Manip.M_Manip","0","8","9","1","0.000000","0","9"
"/Engine/EditorLandscapeResources/LayerVisMaterial.LayerVisMaterial","0","2","2","1","3.542624","0","2"
"/Engine/EditorLandscapeResources/SelectBrushMaterial.SelectBrushMaterial","0","10","10","2","12.230831","0","10"
"/Engine/EngineMaterials/EmissiveMeshMaterial.EmissiveMeshMaterial","0","14","14","1","15.555615","0","14"
"/Engine/EngineMaterials/M_InvalidLightmapSettings.M_InvalidLightmapSettings","0","6","6","1","10.302056","0","6"
"/Engine/EngineMaterials/FlattenMaterial.FlattenMaterial","0","9","9","1","18.209145","0","9"
"/Engine/EngineMaterials/FlattenMaterial_VT.FlattenMaterial_VT","0","6","6","1","12.299253","0","6"
"/Engine/EngineMaterials/FlattenMaterial_WS_Normal_VT.FlattenMaterial_WS_Normal_VT","0","6","6","1","9.753651","0","6"
"/Engine/EngineDebugMaterials/M_VolumeRenderSphereTracePP.M_VolumeRenderSphereTracePP","0","5","5","1","4.421145","0","5"
"/InterchangeAssets/gltf/M_Unlit.M_Unlit","0","90","100","6","0.000000","0","100"
"/Engine/EngineMaterials/DefaultTextMaterialOpaque.DefaultTextMaterialOpaque","0","14","16","1","25.093998","0","16"
"/Engine/EngineMaterials/DefaultMaterial.DefaultMaterial","0","24","24","1","50.382004","0","24"
"/HairStrands/Materials/HairDebugMaterial.HairDebugMaterial","0","57","63","1","0.000000","0","63"
"/Engine/EngineMaterials/PhAT_JointLimitMaterial.PhAT_JointLimitMaterial","0","8","0","1","0.000000","0","0"
"/InterchangeAssets/gltf/M_SpecularGlossiness.M_SpecularGlossiness","0","110","120","6","0.000000","0","120"
"/Engine/VREditor/SnapGrid/SnapGridMaterial.SnapGridMaterial","0","14","14","1","19.059566","0","14"
"/Game/Characters/Mannequins/Materials/M_Mannequin.M_Mannequin","0","22","0","1","0.000000","0","0"
"/Engine/EngineMaterials/WorldGridMaterial.WorldGridMaterial","0","609","0","1","0.000000","0","0"
"/Engine/VREditor/TransformGizmo/Main.Main","0","5","5","1","2.379801","0","5"
"/Engine/VREditor/TransformGizmo/Xray.Xray","0","3","3","1","0.000000","0","3"
"/Engine/EngineMaterials/RemoveSurfaceMaterial.RemoveSurfaceMaterial","0","2","2","1","0.000000","0","2"
"/HairStrands/Materials/HairDefaultMaterial.HairDefaultMaterial","0","33","36","1","0.000000","0","36"
"/HairStrands/Materials/HairMeshesDefaultMaterial.HairMeshesDefaultMaterial","0","33","36","1","0.000000","0","36"
"/CameraCalibrationCore/Materials/M_DefaultOddSquare.M_DefaultOddSquare","0","4","4","1","0.000000","0","4"
"/CameraCalibrationCore/Materials/M_DefaultEvenSquare.M_DefaultEvenSquare","0","4","4","1","0.000000","0","4"
"/Engine/VREditor/TransformGizmo/TranslucentTransformGizmoMaterial.TranslucentTransformGizmoMaterial","0","5","5","1","2.321777","0","5"
"/ControlRig/Controls/ControlRigGizmoMaterial.ControlRigGizmoMaterial","0","2","2","1","0.000000","0","2"
"/Engine/EditorMaterials/PreviewShadowIndicatorMaterial.PreviewShadowIndicatorMaterial","0","25","25","1","4.344091","0","25"
"/ControlRig/Controls/ControlRigXRayMaterial.ControlRigXRayMaterial","0","8","9","1","0.000000","0","9"
"/Engine/EditorMaterials/PhAT_UnselectedMaterial.PhAT_UnselectedMaterial","0","5","5","1","2.470373","0","5"
"/Engine/EditorMaterials/PhAT_NoCollisionMaterial.PhAT_NoCollisionMaterial","0","5","5","1","2.554644","0","5"
"/Engine/EngineMaterials/DefaultLightFunctionMaterial.DefaultLightFunctionMaterial","0","37","37","1","1.992761","0","37"
"/Engine/EngineDebugMaterials/DebugMeshMaterial.DebugMeshMaterial","0","7","7","1","2.422797","0","7"
"/HairStrands/Materials/HairCardsDefaultMaterial.HairCardsDefaultMaterial","0","57","63","1","0.000000","0","63"
"/Engine/EngineDebugMaterials/DebugEditorMaterial.DebugEditorMaterial","0","5","6","1","9.020029","0","6"
"/Engine/EngineDebugMaterials/M_SimpleUnlitTranslucent.M_SimpleUnlitTranslucent","0","5","5","1","2.198767","0","5"
"/Engine/EngineMaterials/PPM_DefaultCalibrationColor.PPM_DefaultCalibrationColor","0","5","5","1","2.465780","0","5"
"/Engine/EngineMaterials/PPM_DefaultCalibrationGrayscale.PPM_DefaultCalibrationGrayscale","0","5","5","1","2.636364","0","5"
"/Engine/EditorMaterials/Camera/CineMat.CineMat","0","6","6","1","12.307983","0","6"
"/Engine/EditorLandscapeResources/SplineEditorMeshMat.SplineEditorMeshMat","0","10","12","1","27.998680","0","12"
"/Engine/EngineMaterials/GizmoMaterial.GizmoMaterial","0","5","6","1","9.352167","0","6"
"/Engine/EditorMaterials/Dataflow/DataflowTwoSidedVertexMaterial.DataflowTwoSidedVertexMaterial","0","6","7","1","16.747395","0","7"
"/Engine/EditorMaterials/Dataflow/DataflowTwoSidedVertexMaterial.SculptMaterial","0","6","7","1","12.794898","0","7"
"/Engine/BasicShapes/BasicShapeMaterial.BasicShapeMaterial","0","9","0","1","0.000000","0","0"
"/Engine/EditorMaterials/Dataflow/DataflowVertexMaterial.DataflowVertexMaterial","0","6","6","1","14.185684","0","6"
"/Engine/EngineMaterials/NaniteHiddenSectionMaterial.NaniteHiddenSectionMaterial","0","12","14","1","32.257854","0","14"
"Globals","49","33","0","1","0.000000","0","0"
"/Engine/EngineMaterials/Widget3DPassThrough.Widget3DPassThrough","49","61","66","6","5.863379","0","73"
"/SpeedTreeImporter/SpeedTree9/SpeedTreeMaster.SpeedTreeMaster","49","36","40","1","0.000000","0","40"
"/SpeedTreeImporter/SpeedTree9/SpeedTreeBillboardMaster.SpeedTreeBillboardMaster","49","36","40","1","0.000000","0","40"
"/Engine/EditorLandscapeResources/LandscapeLayerUsageMaterial.LandscapeLayerUsageMaterial","49","4","4","1","2.391840","0","4"
"/InterchangeAssets/gltf/M_ClearCoat.M_ClearCoat","49","146","164","6","0.000000","0","164"
"/InterchangeAssets/gltf/M_Transmission.M_Transmission","49","48","48","2","0.000000","0","48"
"/InterchangeAssets/gltf/M_Sheen.M_Sheen","49","138","148","6","0.000000","0","148"
"/InterchangeAssets/gltf/M_Default.M_Default","49","146","164","6","0.000000","0","164"
"/Paper2D/DefaultSpriteMaterial.DefaultSpriteMaterial","49","44","50","2","0.000000","0","50"
"/Engine/EngineMaterials/DefaultDeferredDecalMaterial.DefaultDeferredDecalMaterial","49","75","75","1","0.000000","0","75"
"/Engine/EngineMaterials/DefaultPostProcessMaterial.DefaultPostProcessMaterial","49","31","31","1","0.000000","0","31"
"/Engine/EditorLandscapeResources/MaskBrushMaterial.MaskBrushMaterial","49","7","7","1","0.483326","3","7"
"/Engine/VREditor/TransformGizmo/TransformGizmoMaterial.TransformGizmoMaterial","49","4","4","1","0.000000","0","4"
"/Engine/EditorLandscapeResources/ColorMaskBrushMaterial.ColorMaskBrushMaterial","49","7","7","1","0.500165","0","7"
"/Engine/EditorLandscapeResources/LandscapeDirtyMaterial.LandscapeDirtyMaterial","49","7","7","1","1.786903","0","7"
"/Engine/EngineMaterials/EmissiveMeshMaterial.EmissiveMeshMaterial","49","16","16","1","5.498982","0","16"
"/Engine/EngineMaterials/M_InvalidLightmapSettings.M_InvalidLightmapSettings","49","10","10","1","4.938525","0","10"
"/Engine/EngineMaterials/FlattenMaterial.FlattenMaterial","49","14","14","1","16.803160","0","14"
"/Engine/EngineMaterials/FlattenMaterial_VT.FlattenMaterial_VT","49","11","11","1","13.444055","0","11"
"/Engine/EngineMaterials/FlattenMaterial_WS_Normal_VT.FlattenMaterial_WS_Normal_VT","49","11","11","1","11.939925","0","11"
"/Engine/EditorLandscapeResources/SelectBrushMaterial.SelectBrushMaterial","49","14","14","2","0.985179","0","14"
"/ControlRig/M_Manip.M_Manip","49","10","11","1","0.000000","0","11"
"/Engine/EngineMaterials/PhAT_JointLimitMaterial.PhAT_JointLimitMaterial","49","10","11","1","1.853523","0","0"
"/Engine/EditorLandscapeResources/LayerVisMaterial.LayerVisMaterial","49","4","4","1","1.240573","0","4"
"/Game/ai_dying/Texture.Texture","49","34","38","1","0.000000","0","38"
"/Engine/EngineDebugMaterials/M_VolumeRenderSphereTracePP.M_VolumeRenderSphereTracePP","49","5","5","1","2.119548","0","5"
"/Engine/EngineMaterials/DefaultMaterial.DefaultMaterial","49","28","28","1","7.504352","0","28"
"/HairStrands/Materials/HairDebugMaterial.HairDebugMaterial","49","65","71","1","0.000000","0","71"
"/InterchangeAssets/gltf/M_Unlit.M_Unlit","49","226","236","6","0.000000","0","236"
"/Engine/EngineMaterials/DefaultTextMaterialOpaque.DefaultTextMaterialOpaque","49","18","20","1","4.366497","0","20"
"/Engine/EngineMaterials/WorldGridMaterial.WorldGridMaterial","49","1780","1803","1","0.000000","0","0"
"/InterchangeAssets/gltf/M_SpecularGlossiness.M_SpecularGlossiness","49","138","148","6","0.000000","0","148"
"/Game/Characters/Mannequins/Materials/M_Mannequin.M_Mannequin","49","28","30","1","10.740554","0","0"
"/Engine/VREditor/SnapGrid/SnapGridMaterial.SnapGridMaterial","49","16","16","1","3.657726","0","16"
"/Engine/VREditor/TransformGizmo/Main.Main","49","7","7","1","0.000000","0","7"
"/Engine/VREditor/TransformGizmo/Xray.Xray","49","5","5","1","0.000000","0","5"
"/Engine/EditorMaterials/Camera/CineMat.CineMat","49","8","8","1","7.807459","0","8"
"/Engine/EditorLandscapeResources/SplineEditorMeshMat.SplineEditorMeshMat","49","14","16","1","19.426374","0","16"
"/HairStrands/Materials/HairDefaultMaterial.HairDefaultMaterial","49","35","38","1","0.000000","0","38"
"/CameraCalibrationCore/Materials/M_DefaultOddSquare.M_DefaultOddSquare","49","6","6","1","0.000000","0","6"
"/CameraCalibrationCore/Materials/M_DefaultEvenSquare.M_DefaultEvenSquare","49","6","6","1","0.000000","0","6"
"/Engine/VREditor/TransformGizmo/TranslucentTransformGizmoMaterial.TranslucentTransformGizmoMaterial","49","7","7","1","0.000000","0","7"
"/Engine/EngineDebugMaterials/DebugEditorMaterial.DebugEditorMaterial","49","7","8","1","7.872268","0","8"
"/Engine/EngineDebugMaterials/M_SimpleUnlitTranslucent.M_SimpleUnlitTranslucent","49","7","7","1","2.482742","0","7"
"/Engine/EngineMaterials/PPM_DefaultCalibrationColor.PPM_DefaultCalibrationColor","49","5","5","1","2.095951","0","5"
"/ControlRig/Controls/ControlRigGizmoMaterial.ControlRigGizmoMaterial","49","4","4","1","0.000000","0","4"
"/Engine/EngineMaterials/PPM_DefaultCalibrationGrayscale.PPM_DefaultCalibrationGrayscale","49","5","5","1","1.736514","0","5"
"/Engine/EditorMaterials/PreviewShadowIndicatorMaterial.PreviewShadowIndicatorMaterial","49","63","63","1","0.000000","0","63"
"/ControlRig/Controls/ControlRigXRayMaterial.ControlRigXRayMaterial","49","10","11","1","0.000000","0","11"
"/Engine/EditorMaterials/PhAT_UnselectedMaterial.PhAT_UnselectedMaterial","49","7","7","1","0.000000","0","7"
"/Engine/EditorMaterials/PhAT_NoCollisionMaterial.PhAT_NoCollisionMaterial","49","7","7","1","0.000000","0","7"
"/Engine/EngineMaterials/DefaultLightFunctionMaterial.DefaultLightFunctionMaterial","49","75","75","1","0.000000","0","75"
"/Engine/BasicShapes/BasicShapeMaterial.BasicShapeMaterial","49","16","16","1","28.309067","0","0"
"/Engine/EditorMaterials/Dataflow/DataflowVertexMaterial.DataflowVertexMaterial","49","8","8","1","7.667117","0","8"
"/Engine/EditorMaterials/Dataflow/DataflowTwoSidedVertexMaterial.DataflowTwoSidedVertexMaterial","49","8","9","1","12.478907","0","9"
"/Engine/EditorMaterials/Dataflow/DataflowTwoSidedVertexMaterial.SculptMaterial","49","8","9","1","10.029860","0","9"
"/Engine/EngineMaterials/NaniteHiddenSectionMaterial.NaniteHiddenSectionMaterial","49","16","18","1","24.168016","0","18"
"/Engine/EngineMaterials/RemoveSurfaceMaterial.RemoveSurfaceMaterial","49","4","4","1","0.000000","0","4"
"/Engine/EngineDebugMaterials/DebugMeshMaterial.DebugMeshMaterial","49","9","9","1","0.000000","0","9"
"/Engine/EngineMaterials/GizmoMaterial.GizmoMaterial","49","7","8","1","5.162270","0","8"
"/HairStrands/Materials/HairCardsDefaultMaterial.HairCardsDefaultMaterial","49","65","71","1","0.000000","0","71"
"/HairStrands/Materials/HairMeshesDefaultMaterial.HairMeshesDefaultMaterial","49","35","38","1","0.000000","0","38"
